source,airline,flight_number,origin,destination,travel_date,booking_date,departure_time,arrival_time,total_price,currency
Google Flights,IndiGo,6E 804,BLR,DEL,2026-09-20,2026-09-05,2026-09-20 03:00,2026-09-20 05:50,8259,INR
Google Flights,Akasa Air,QP 1359,BLR,DEL,2026-09-20,2026-09-05,2026-09-20 05:00,2026-09-20 07:50,8714,INR
Google Flights,Air India,AI 2868,BLR,DEL,2026-09-20,2026-09-05,2026-09-20 09:00,2026-09-20 12:00,8872,INR
Google Flights,IndiGo,6E 6406,BLR,DEL,2026-09-20,2026-09-05,2026-09-20 22:00,2026-09-21 00:50,8259,INR
Google Flights,IndiGo,6E 2313,BLR,DEL,2026-09-20,2026-09-05,2026-09-20 23:30,2026-09-21 02:20,8259,INR
Google Flights,Air India,AI 2488,BLR,DEL,2026-09-20,2026-09-05,2026-09-20 22:30,2026-09-21 01:25,8415,INR
Google Flights,Akasa Air,QP 1811,BLR,DEL,2026-09-20,2026-09-05,2026-09-20 04:10,2026-09-20 07:00,8714,INR
Google Flights,IndiGo,6E 836,BLR,DEL,2026-09-20,2026-09-05,2026-09-20 05:05,2026-09-20 07:55,8715,INR
Google Flights,IndiGo,6E 844,BLR,DEL,2026-09-20,2026-09-05,2026-09-20 07:00,2026-09-20 09:50,8715,INR
Google Flights,IndiGo,6E 817,BLR,DEL,2026-09-20,2026-09-05,2026-09-20 20:40,2026-09-20 23:30,8715,INR
Google Flights,Air India,AI 2810,BLR,DEL,2026-09-20,2026-09-05,2026-09-20 06:00,2026-09-20 08:45,8872,INR
Google Flights,Air India,AI 2665,BLR,DEL,2026-09-20,2026-09-05,2026-09-20 19:40,2026-09-20 22:40,8872,INR
Google Flights,Akasa Air,QP 1823,BLR,DEL,2026-09-20,2026-09-05,2026-09-20 06:05,2026-09-20 08:50,9141,INR
Google Flights,IndiGo,6E 849,BLR,DEL,2026-09-20,2026-09-05,2026-09-20 08:15,2026-09-20 11:05,9201,INR
Google Flights,IndiGo,6E 830,BLR,DEL,2026-09-20,2026-09-05,2026-09-20 09:30,2026-09-20 12:30,9201,INR
Google Flights,Air India Express,IX 1040,BLR,DEL,2026-09-20,2026-09-05,2026-09-20 14:40,2026-09-20 17:30,9211,INR
Google Flights,Air India,AI 2414,BLR,DEL,2026-09-20,2026-09-05,2026-09-20 05:30,2026-09-20 08:25,9360,INR
Google Flights,Air India,AI 2804,BLR,DEL,2026-09-20,2026-09-05,2026-09-20 10:00,2026-09-20 13:00,9360,INR
Google Flights,Akasa Air,QP 1307,BLR,DEL,2026-09-20,2026-09-05,2026-09-20 17:20,2026-09-20 20:15,9628,INR
Google Flights,IndiGo,6E 6039,BLR,DEL,2026-09-20,2026-09-05,2026-09-20 17:00,2026-09-20 19:50,9720,INR
Google Flights,IndiGo,6E 6034,BLR,DEL,2026-09-20,2026-09-05,2026-09-20 18:15,2026-09-20 21:05,9720,INR
Google Flights,Air India,AI 2758,BLR,DEL,2026-09-20,2026-09-05,2026-09-20 00:15,2026-09-20 03:10,9880,INR
Google Flights,Air India,AI 428,BLR,DEL,2026-09-20,2026-09-05,2026-09-20 15:30,2026-09-20 18:15,10042,INR
Google Flights,Air India,AI 2818,BLR,DEL,2026-09-20,2026-09-05,2026-09-20 20:00,2026-09-20 22:45,10042,INR
Google Flights,Air India,AI 2406,BLR,DEL,2026-09-20,2026-09-05,2026-09-20 11:00,2026-09-20 14:00,10126,INR
Google Flights,Air India,AI 2802,BLR,DEL,2026-09-20,2026-09-05,2026-09-20 18:20,2026-09-20 21:10,10126,INR
Google Flights,IndiGo,6E 809,BLR,DEL,2026-09-20,2026-09-05,2026-09-20 12:00,2026-09-20 14:50,10273,INR
Google Flights,Air India,AI 2511,BLR,DEL,2026-09-20,2026-09-05,2026-09-20 15:00,2026-09-20 18:00,10289,INR
Google Flights,Air India,AI 2418,BLR,DEL,2026-09-20,2026-09-05,2026-09-20 16:30,2026-09-20 19:25,10289,INR
Google Flights,Air India,AI 2820,BLR,DEL,2026-09-20,2026-09-05,2026-09-20 17:25,2026-09-20 20:30,10289,INR
Google Flights,Akasa Air,QP 1821,BLR,DEL,2026-09-20,2026-09-05,2026-09-20 13:10,2026-09-20 16:00,10512,INR
Google Flights,Air India,AI 2486,BLR,DEL,2026-09-20,2026-09-05,2026-09-20 14:00,2026-09-20 16:45,10693,INR
Google Flights,IndiGo,6E 869,BLR,DEL,2026-09-20,2026-09-05,2026-09-20 13:10,2026-09-20 16:05,10864,INR
Google Flights,IndiGo,6E 840,BLR,DEL,2026-09-20,2026-09-05,2026-09-20 13:55,2026-09-20 16:45,10864,INR
Google Flights,IndiGo,6E 860,BLR,DEL,2026-09-20,2026-09-05,2026-09-20 15:45,2026-09-20 18:35,10864,INR
Google Flights,IndiGo,6E 870,BLR,DEL,2026-09-20,2026-09-05,2026-09-20 19:30,2026-09-20 22:15,10864,INR
Google Flights,Air India,AI 2654,BLR,DEL,2026-09-20,2026-09-05,2026-09-20 07:00,2026-09-20 10:00,11024,INR
Google Flights,IndiGo,6E 175,BLR,DEL,2026-09-20,2026-09-05,2026-09-20 10:45,2026-09-20 13:35,11494,INR
Google Flights,Air India,AI 2858,BLR,BOM,2026-09-20,2026-09-05,2026-09-20 02:20,2026-09-20 04:10,4742,INR
Google Flights,IndiGo,6E 5293,BLR,BOM,2026-09-20,2026-09-05,2026-09-20 01:00,2026-09-20 02:50,5004,INR
Google Flights,IndiGo,6E 5205,BLR,BOM,2026-09-20,2026-09-05,2026-09-20 03:45,2026-09-20 05:30,5004,INR
Google Flights,IndiGo,6E 5089,BLR,BOM,2026-09-20,2026-09-05,2026-09-20 05:30,2026-09-20 07:15,5004,INR
Google Flights,Akasa Air,QP 1381,BLR,BOM,2026-09-20,2026-09-05,2026-09-20 04:50,2026-09-20 06:45,5300,INR
Google Flights,Akasa Air,QP 1515,BLR,BOM,2026-09-20,2026-09-05,2026-09-20 06:20,2026-09-20 08:00,6337,INR
Google Flights,Air India,AI 2811,BLR,BOM,2026-09-20,2026-09-05,2026-09-20 23:40,2026-09-21 01:45,6638,INR
Google Flights,IndiGo,6E 5216,BLR,BOM,2026-09-20,2026-09-05,2026-09-20 07:25,2026-09-20 09:10,6877,INR
Google Flights,IndiGo,6E 5376,BLR,BOM,2026-09-20,2026-09-05,2026-09-20 20:15,2026-09-20 22:00,6877,INR
Google Flights,IndiGo,6E 5094,BLR,BOM,2026-09-20,2026-09-05,2026-09-20 22:20,2026-09-21 00:05,6877,INR
Google Flights,Air India,AI 2411,BLR,BOM,2026-09-20,2026-09-05,2026-09-20 08:20,2026-09-20 10:20,7037,INR
Google Flights,IndiGo,6E 5051,BLR,BOM,2026-09-20,2026-09-05,2026-09-20 08:30,2026-09-20 10:15,7192,INR
Google Flights,Air India,AI 2604,BLR,BOM,2026-09-20,2026-09-05,2026-09-20 09:15,2026-09-20 11:15,7472,INR
Google Flights,Air India,AI 2850,BLR,BOM,2026-09-20,2026-09-05,2026-09-20 20:30,2026-09-20 22:40,7472,INR
Google Flights,Air India,AI 2840,BLR,BOM,2026-09-20,2026-09-05,2026-09-20 22:30,2026-09-21 00:35,7488,INR
Google Flights,Akasa Air,QP 1517,BLR,BOM,2026-09-20,2026-09-05,2026-09-20 07:40,2026-09-20 09:25,7637,INR
Google Flights,Air India,AI 2610,BLR,BOM,2026-09-20,2026-09-05,2026-09-20 19:00,2026-09-20 21:05,7651,INR
Google Flights,Air India,AI 2402,BLR,BOM,2026-09-20,2026-09-05,2026-09-20 06:35,2026-09-20 08:35,7667,INR
Google Flights,Air India,AI 2642,BLR,BOM,2026-09-20,2026-09-05,2026-09-20 21:30,2026-09-20 23:35,7667,INR
Google Flights,Akasa Air,QP 1134,BLR,BOM,2026-09-20,2026-09-05,2026-09-20 22:55,2026-09-21 00:45,7933,INR
Google Flights,IndiGo,6E 5237,BLR,BOM,2026-09-20,2026-09-05,2026-09-20 10:15,2026-09-20 12:05,8347,INR
Google Flights,IndiGo,6E 6283,BLR,BOM,2026-09-20,2026-09-05,2026-09-20 19:05,2026-09-20 20:40,8347,INR
Google Flights,Air India,AI 2852,BLR,BOM,2026-09-20,2026-09-05,2026-09-20 10:30,2026-09-20 12:35,8648,INR
Google Flights,IndiGo,6E 5069,BLR,BOM,2026-09-20,2026-09-05,2026-09-20 11:30,2026-09-20 13:20,8872,INR
Google Flights,Akasa Air,QP 1528,BLR,BOM,2026-09-20,2026-09-05,2026-09-20 10:20,2026-09-20 12:10,8907,INR
Google Flights,Air India,AI 2854,BLR,BOM,2026-09-20,2026-09-05,2026-09-20 18:05,2026-09-20 20:05,9011,INR
Google Flights,IndiGo,6E 5218,BLR,BOM,2026-09-20,2026-09-05,2026-09-20 13:00,2026-09-20 14:50,9397,INR
Google Flights,IndiGo,6E 5351,BLR,BOM,2026-09-20,2026-09-05,2026-09-20 14:20,2026-09-20 16:05,9397,INR
Google Flights,IndiGo,6E 5031,BLR,BOM,2026-09-20,2026-09-05,2026-09-20 16:00,2026-09-20 17:45,9397,INR
Google Flights,IndiGo,6E 5255,BLR,BOM,2026-09-20,2026-09-05,2026-09-20 17:25,2026-09-20 19:05,9397,INR
Google Flights,Air India,AI 2630,BLR,BOM,2026-09-20,2026-09-05,2026-09-20 12:05,2026-09-20 14:05,11074,INR
Google Flights,IndiGo,6E 6328,DEL,BOM,2026-09-20,2026-09-05,2026-09-20 10:15,2026-09-20 12:35,6425,INR
Google Flights,Air India Express,IX 1056,DEL,BOM,2026-09-20,2026-09-05,2026-09-20 05:35,2026-09-20 08:05,6610,INR
Google Flights,Akasa Air,QP 1110,DEL,BOM,2026-09-20,2026-09-05,2026-09-20 10:30,2026-09-20 12:45,6880,INR
Google Flights,Air India,AI 2977,DEL,BOM,2026-09-20,2026-09-05,2026-09-20 19:00,2026-09-20 21:25,7349,INR
Google Flights,SpiceJet,SG 802,DEL,BOM,2026-09-20,2026-09-05,2026-09-20 22:30,2026-09-21 00:50,7719,INR
Google Flights,IndiGo,6E 6218,DEL,BOM,2026-09-20,2026-09-05,2026-09-20 06:05,2026-09-20 08:20,6425,INR
Google Flights,IndiGo,6E 320,DEL,BOM,2026-09-20,2026-09-05,2026-09-20 08:00,2026-09-20 10:20,6425,INR
Google Flights,IndiGo,6E 675,DEL,BOM,2026-09-20,2026-09-05,2026-09-20 08:45,2026-09-20 11:00,6425,INR
Google Flights,IndiGo,6E 6107,DEL,BOM,2026-09-20,2026-09-05,2026-09-20 09:30,2026-09-20 11:55,6425,INR
Google Flights,IndiGo,6E 395,DEL,BOM,2026-09-20,2026-09-05,2026-09-20 21:45,2026-09-21 00:05,6425,INR
Google Flights,IndiGo,6E 6114,DEL,BOM,2026-09-20,2026-09-05,2026-09-20 22:45,2026-09-21 01:05,6425,INR
Google Flights,IndiGo,6E 322,DEL,BOM,2026-09-20,2026-09-05,2026-09-20 23:30,2026-09-21 01:45,6425,INR
Google Flights,Air India Express,IX 1235,DEL,BOM,2026-09-20,2026-09-05,2026-09-20 23:25,2026-09-21 01:50,6779,INR
Google Flights,IndiGo,6E 6676,DEL,BOM,2026-09-20,2026-09-05,2026-09-20 12:00,2026-09-20 14:15,6793,INR
Google Flights,Akasa Air,QP 1833,DEL,BOM,2026-09-20,2026-09-05,2026-09-20 06:50,2026-09-20 09:10,6880,INR
Google Flights,Akasa Air,QP 1119,DEL,BOM,2026-09-20,2026-09-05,2026-09-20 08:40,2026-09-20 11:05,6880,INR
Google Flights,Akasa Air,QP 1112,DEL,BOM,2026-09-20,2026-09-05,2026-09-20 09:20,2026-09-20 11:40,6880,INR
Google Flights,IndiGo,6E 324,DEL,BOM,2026-09-20,2026-09-05,2026-09-20 13:00,2026-09-20 15:10,7370,INR
Google Flights,IndiGo,6E 6022,DEL,BOM,2026-09-20,2026-09-05,2026-09-20 14:00,2026-09-20 16:25,7370,INR
Google Flights,IndiGo,6E 6318,DEL,BOM,2026-09-20,2026-09-05,2026-09-20 14:45,2026-09-20 17:00,7370,INR
Google Flights,IndiGo,6E 864,DEL,BOM,2026-09-20,2026-09-05,2026-09-20 15:30,2026-09-20 17:45,7370,INR
Google Flights,IndiGo,6E 327,DEL,BOM,2026-09-20,2026-09-05,2026-09-20 16:15,2026-09-20 18:35,7370,INR
Google Flights,IndiGo,6E 6706,DEL,BOM,2026-09-20,2026-09-05,2026-09-20 17:00,2026-09-20 19:15,7370,INR
Google Flights,IndiGo,6E 329,DEL,BOM,2026-09-20,2026-09-05,2026-09-20 18:00,2026-09-20 20:15,7370,INR
Google Flights,IndiGo,6E 354,DEL,BOM,2026-09-20,2026-09-05,2026-09-20 19:00,2026-09-20 21:25,7370,INR
Google Flights,IndiGo,6E 303,DEL,BOM,2026-09-20,2026-09-05,2026-09-20 20:00,2026-09-20 22:10,7370,INR
Google Flights,IndiGo,6E 853,DEL,BOM,2026-09-20,2026-09-05,2026-09-20 20:45,2026-09-20 23:00,7370,INR
Google Flights,Air India,AI 2981,DEL,BOM,2026-09-20,2026-09-05,2026-09-20 21:00,2026-09-20 23:20,7391,INR
Google Flights,Air India,AI 2955,DEL,BOM,2026-09-20,2026-09-05,2026-09-20 18:00,2026-09-20 20:25,7632,INR
Google Flights,IndiGo,6E 6047,DEL,BOM,2026-09-20,2026-09-05,2026-09-20 11:00,2026-09-20 13:15,7685,INR
Google Flights,Akasa Air,QP 1836,DEL,BOM,2026-09-20,2026-09-05,2026-09-20 12:30,2026-09-20 14:55,7761,INR
Google Flights,Akasa Air,QP 1128,DEL,BOM,2026-09-20,2026-09-05,2026-09-20 16:00,2026-09-20 18:20,7761,INR
Google Flights,Akasa Air,QP 1826,DEL,BOM,2026-09-20,2026-09-05,2026-09-20 19:55,2026-09-20 22:20,7761,INR
Google Flights,Akasa Air,QP 1820,DEL,BOM,2026-09-20,2026-09-05,2026-09-20 17:30,2026-09-20 19:45,7896,INR
Google Flights,Air India,AI 2951,DEL,BOM,2026-09-20,2026-09-05,2026-09-20 13:30,2026-09-20 15:50,8210,INR
Google Flights,Air India,AI 2933,DEL,BOM,2026-09-20,2026-09-05,2026-09-20 15:30,2026-09-20 17:55,10231,INR
Google Flights,Air India,AI 2439,DEL,BOM,2026-09-20,2026-09-05,2026-09-20 23:00,2026-09-21 01:25,10231,INR
Google Flights,SpiceJet,SG 162,DEL,BOM,2026-09-20,2026-09-05,2026-09-20 19:55,2026-09-20 22:30,22551,INR
Google Flights,Air India,AI 1745,DEL,BOM,2026-09-20,2026-09-05,2026-09-20 05:00,2026-09-20 07:20,,INR
Google Flights,Air India,AI 2975,DEL,BOM,2026-09-20,2026-09-05,2026-09-20 06:30,2026-09-20 08:50,,INR
Google Flights,Air India,AI 2429,DEL,BOM,2026-09-20,2026-09-05,2026-09-20 07:00,2026-09-20 09:25,,INR
Google Flights,Air India,AI 2943,DEL,BOM,2026-09-20,2026-09-05,2026-09-20 07:30,2026-09-20 09:55,,INR
Google Flights,Air India,AI 2678,DEL,BOM,2026-09-20,2026-09-05,2026-09-20 08:30,2026-09-20 10:45,,INR
Google Flights,Air India,AI 2963,DEL,BOM,2026-09-20,2026-09-05,2026-09-20 09:00,2026-09-20 11:15,,INR
Google Flights,Air India,AI 2927,DEL,BOM,2026-09-20,2026-09-05,2026-09-20 09:30,2026-09-20 12:00,,INR
Google Flights,Air India,AI 2995,DEL,BOM,2026-09-20,2026-09-05,2026-09-20 10:00,2026-09-20 12:25,,INR
Google Flights,Air India,AI 2425,DEL,BOM,2026-09-20,2026-09-05,2026-09-20 10:30,2026-09-20 12:50,,INR
Google Flights,Air India,AI 2945,DEL,BOM,2026-09-20,2026-09-05,2026-09-20 11:00,2026-09-20 13:25,,INR
Google Flights,Air India,AI 1785,DEL,BOM,2026-09-20,2026-09-05,2026-09-20 12:00,2026-09-20 14:25,,INR
Google Flights,Air India,AI 1777,DEL,BOM,2026-09-20,2026-09-05,2026-09-20 16:00,2026-09-20 18:25,,INR
Google Flights,Air India,AI 2941,DEL,BOM,2026-09-20,2026-09-05,2026-09-20 16:30,2026-09-20 18:50,,INR
Google Flights,Air India,AI 441,DEL,BOM,2026-09-20,2026-09-05,2026-09-20 17:00,2026-09-20 19:25,,INR
Google Flights,Air India,AI 2985,DEL,BOM,2026-09-20,2026-09-05,2026-09-20 19:30,2026-09-20 21:55,,INR
Google Flights,Air India,AI 2805,DEL,BOM,2026-09-20,2026-09-05,2026-09-20 20:00,2026-09-20 22:25,,INR
Google Flights,Air India,AI 2957,DEL,BOM,2026-09-20,2026-09-05,2026-09-20 20:30,2026-09-20 23:05,,INR
Google Flights,IndiGo,6E 705,DEL,HYD,2026-09-20,2026-09-05,2026-09-20 08:30,2026-09-20 10:45,8825,INR
Google Flights,IndiGo,6E 882,DEL,HYD,2026-09-20,2026-09-05,2026-09-20 23:15,2026-09-21 01:30,8825,INR
Google Flights,Air India,AI 2577,DEL,HYD,2026-09-20,2026-09-05,2026-09-20 02:00,2026-09-20 04:20,9457,INR
Google Flights,IndiGo,6E 5119,DEL,HYD,2026-09-20,2026-09-05,2026-09-20 05:10,2026-09-20 10:15,8510,INR
Google Flights,IndiGo,6E 5073,DEL,HYD,2026-09-20,2026-09-05,2026-09-20 17:05,2026-09-20 22:30,8510,INR
Google Flights,IndiGo,6E 203,DEL,HYD,2026-09-20,2026-09-05,2026-09-20 07:10,2026-09-20 09:20,9301,INR
Google Flights,Air India,AI 1706,DEL,HYD,2026-09-20,2026-09-05,2026-09-20 23:00,2026-09-21 01:20,9457,INR
Google Flights,IndiGo,6E 6293,DEL,HYD,2026-09-20,2026-09-05,2026-09-20 09:55,2026-09-20 12:20,9807,INR
Google Flights,IndiGo,6E 382,DEL,HYD,2026-09-20,2026-09-05,2026-09-20 21:00,2026-09-20 23:15,9807,INR
Google Flights,Air India,AI 1793,DEL,HYD,2026-09-20,2026-09-05,2026-09-20 06:00,2026-09-20 08:20,10087,INR
Google Flights,IndiGo,6E 884,DEL,HYD,2026-09-20,2026-09-05,2026-09-20 11:45,2026-09-20 14:00,10346,INR
Google Flights,IndiGo,6E 6282,DEL,HYD,2026-09-20,2026-09-05,2026-09-20 13:30,2026-09-20 15:45,10346,INR
Google Flights,IndiGo,6E 6212,DEL,HYD,2026-09-20,2026-09-05,2026-09-20 14:45,2026-09-20 17:05,10346,INR
Google Flights,IndiGo,6E 6601,DEL,HYD,2026-09-20,2026-09-05,2026-09-20 19:45,2026-09-20 22:05,10346,INR
Google Flights,Air India,AI 2449,DEL,HYD,2026-09-20,2026-09-05,2026-09-20 22:00,2026-09-21 00:20,10502,INR
Google Flights,Akasa Air,QP 1409,DEL,HYD,2026-09-20,2026-09-05,2026-09-20 20:40,2026-09-20 23:10,10701,INR
Google Flights,Air India,AI 2859,DEL,HYD,2026-09-20,2026-09-05,2026-09-20 10:30,2026-09-20 12:50,10775,INR
Google Flights,Air India,AI 2871,DEL,HYD,2026-09-20,2026-09-05,2026-09-20 20:30,2026-09-20 22:50,10775,INR
Google Flights,IndiGo,6E 717,DEL,HYD,2026-09-20,2026-09-05,2026-09-20 17:55,2026-09-20 20:15,10917,INR
Google Flights,Air India,AI 2542,DEL,HYD,2026-09-20,2026-09-05,2026-09-20 09:40,2026-09-20 12:00,10958,INR
Google Flights,Akasa Air,QP 1406,DEL,HYD,2026-09-20,2026-09-05,2026-09-20 14:10,2026-09-20 16:45,11097,INR
Google Flights,Air India,AI 1708,DEL,HYD,2026-09-20,2026-09-05,2026-09-20 19:30,2026-09-20 21:50,11221,INR
Google Flights,Air India,AI 2899,DEL,HYD,2026-09-20,2026-09-05,2026-09-20 12:30,2026-09-20 14:45,11315,INR
Google Flights,IndiGo,6E 6217,DEL,HYD,2026-09-20,2026-09-05,2026-09-20 16:15,2026-09-20 18:30,11525,INR
Google Flights,Air India,AI 2465,DEL,HYD,2026-09-20,2026-09-05,2026-09-20 14:30,2026-09-20 16:40,11704,INR
Google Flights,Air India,AI 2519,DEL,HYD,2026-09-20,2026-09-05,2026-09-20 15:30,2026-09-20 17:55,11993,INR
Google Flights,Air India,AI 2879,DEL,HYD,2026-09-20,2026-09-05,2026-09-20 18:00,2026-09-20 20:20,11993,INR
Google Flights,IndiGo,6E 372,MAA,HYD,2026-09-20,2026-09-05,2026-09-20 09:55,2026-09-20 11:10,5758,INR
Google Flights,IndiGo,6E 6487,MAA,HYD,2026-09-20,2026-09-05,2026-09-20 21:25,2026-09-20 22:40,6166,INR
Google Flights,IndiGo,6E 193,MAA,HYD,2026-09-20,2026-09-05,2026-09-20 20:00,2026-09-20 21:25,6667,INR
Google Flights,Air India Express,IX 1832,MAA,HYD,2026-09-20,2026-09-05,2026-09-20 13:45,2026-09-20 15:10,,INR
Google Flights,IndiGo,6E 495,MAA,HYD,2026-09-20,2026-09-05,2026-09-20 07:10,2026-09-20 08:25,6667,INR
Google Flights,IndiGo,6E 834,MAA,HYD,2026-09-20,2026-09-05,2026-09-20 09:05,2026-09-20 10:20,6667,INR
Google Flights,IndiGo,6E 6925,MAA,HYD,2026-09-20,2026-09-05,2026-09-20 12:00,2026-09-20 13:15,7691,INR
Google Flights,IndiGo,6E 6158,MAA,HYD,2026-09-20,2026-09-05,2026-09-20 16:10,2026-09-20 17:25,7691,INR
Google Flights,IndiGo,6E 562,MAA,HYD,2026-09-20,2026-09-05,2026-09-20 18:20,2026-09-20 19:35,7691,INR
Google Flights,Akasa Air,QP 588,MAA,HYD,2026-09-20,2026-09-05,2026-09-20 15:40,2026-09-21 02:45,31682,INR
Google Flights,SriLankan,UL 124,MAA,HYD,2026-09-20,2026-09-05,2026-09-20 21:15,2026-09-21 19:50,33275,INR
Google Flights,Air India,AI 2740,MAA,HYD,2026-09-20,2026-09-05,2026-09-20 16:00,2026-09-20 21:05,,INR
